epoch,train_loss,train_acc,test_acc,test_loss
1,4.727364262394275,7.832898172323759e-3,9.28515493903121e-3,4.727449818752977
