epoch,train_loss,train_acc,test_acc,test_loss
1,2.3979972405811947,0.1388888888888889,0.15294117647058825,2.397752601826747
