epoch,train_loss,train_acc,test_acc,test_loss
1,4.727382172595604,8.877284595300261e-3,7.942722899653205e-3,4.7274979936650565
