epoch,train_loss,train_acc,test_acc,test_loss
1,4.6051772036282514,1.0e-2,1.0e-2,4.605177225360513
2,4.605177505867001,9.666666666666667e-3,1.0e-2,4.605177225360513
