epoch,train_loss,train_acc,test_acc,test_loss
1,5.525450238194177,4.4444444444444444e-3,3.7867622049386636e-3,5.525481047711161
