epoch,train_loss,train_acc,test_acc,test_loss
1,4.727404079117813,7.571801566579634e-3,8.166461572882873e-3,4.7274772615360465
