epoch,train_loss,train_acc,test_acc,test_loss
1,4.727393105122661,7.310704960835509e-3,8.278330909497707e-3,4.727435747063204
